Workbook

Sheet Istruzioni
B2: Mappa competitiva — come si compila
B4: A che serve
B5: Rispondere con dati verificabili a tre domande che oggi restano opinioni:
B6: 1. Quanto costa davvero un mese di trattamento, per noi e per ciascun concorrente.
B7: 2. Chi dichiara le percentuali degli attivi, quante e quali.
B8: 3. Che cosa promettono i concorrenti e con quali prove.
B10: Regola di verifica
B11: Una riga vale solo se qualcuno ha aperto la pagina e ha scritto URL e data nelle colonne F e G.
B12: Le celle gialle sono da compilare. Quelle grigie si calcolano da sole: non scriverci dentro.
B13: Il testo blu segnala un valore inserito a mano; il nero segnala una formula.
B15: Ordine di lavoro consigliato
B16: Primo giro — solo le colonne H, J, L, M su tutte le righe. Servono al costo mensile,
... B31: aprendo lo stesso indirizzo. Le valutazioni stanno nel documento, non nel foglio.

Sheet Mappa
A1: Marca | B1: Prodotto | C1: Canale | D1: Posizionamento | E1: Paese | F1: URL | G1: Data consult. | H1: Prezzo € | I1: Prezzo abbon. € | J1: Formato mL | K1: €/mL | L1: Dose dichiarata | M1: mL/giorno | N1: Giorni/confez. | O1: €/mese | P1: % dichiarate | Q1: Quali percentuali | R1: Claim principale | S1: Liv. claim | T1: Prove citate | U1: Garanzia | V1: Abbonamento | W1: Recensioni | X1: Stato | Y1: Note e fonte della stima
A2: The Ordinary | B2: Multi-Peptide Serum for Hair Density | C2: DTC e profumeria | D2: densità e scalp | E2: IT | H2: 26.5 | J2: 60 | K2: =IFERROR(H2/J2,"") | N2: =IFERROR(J2/M2,"") | O2: =IFERROR(H2/N2*30,"") | X2: da verificare | Y2: prezzo dalla ricerca preliminare, da riaprire
A3: The INKEY List | B3: Caffeine Stimulating Scalp Treatment | C3: DTC e profumeria | D3: scalp e densità | E3: EU | H3: 15.5 | J3: 150 | K3: =IFERROR(H3/J3,"") | N3: =IFERROR(J3/M3,"") | O3: =IFERROR(H3/N3*30,"") | P3: alcune | Q3: 1% caffeina · 1% Redensyl · 1% betaina | X3: da verificare | Y3: percentuali confermate da ricerca; prezzo da riaprire
A4: Vichy | B4: Dercos Aminexil Clinical 5 uomo | C4: farmacia | D4: anticaduta | E4: IT | H4: 51.2 | J4: 126 | K4: =IFERROR(H4/J4,"") | L4: 3 fiale a settimana per 6 settimane, oppure 1 al giorno | N4: =IFERROR(J4/M4,"") | O4: =IFERROR(H4/N4*30,"") | P4: nessuna | X4: da verificare | Y4: 21 fiale da 6 mL; posologia doppia, va scelta quale confrontare
A5: Ducray | B5: Neoptide donna | C5: farmacia | D5: anticaduta | E5: IT | H5: 44.94 | J5: 90 | K5: =IFERROR(H5/J5,"") | L5: circa 12 spruzzi al giorno per 3 mesi | M5: 1 | N5: =IFERROR(J5/M5,"") | O5: =IFERROR(H5/N5*30,"") | X5: da verificare | Y5: 3 flaconi da 30 mL; mL/giorno dedotto dalla durata dichiarata
A6: Kérastase | B6: Genesis Sérum Anti-Chute Fortifiant | C6: salone e profumeria | D6: anticaduta | E6: IT | H6: 56.9 | J6: 90 | K6: =IFERROR(H6/J6,"") | L6: 4 pipette una volta al giorno | M6: 2.4 | N6: =IFERROR(J6/M6,"") | O6: =IFERROR(H6/N6*30,"") | P6: nessuna | X6: da verificare | Y6: durata dichiarata 5-6 settimane: mL/giorno dedotto da lì
A7: Nioxin | B7: Night Density Rescue | C7: salone | D7: densità | E7: IT | H7: 60.69 | J7: 70 | K7: =IFERROR(H7/J7,"") | L7: 2-4 pipette ogni sera | M7: 3 | N7: =IFERROR(J7/M7,"") | O7: =IFERROR(H7/N7*30,"") | X7: da verificare | Y7: mL/giorno al centro dell'intervallo, da misurare
A8: OUAI | B8: Scalp Serum | C8: profumeria | D8: scalp care | E8: IT | H8: 61 | J8: 60 | K8: =IFERROR(H8/J8,"") | L8: 2 contagocce pieni, circa 1,5 mL | M8: 1.5 | N8: =IFERROR(J8/M8,"") | O8: =IFERROR(H8/N8*30,"") | X8: da verificare | Y8: la marca dichiara circa 40 giorni di durata
A9: Living Proof | B9: Scalp Care Density Serum | C9: profumeria | D9: densità e scalp | E9: IT | H9: 66 | J9: 50 | K9: =IFERROR(H9/J9,"") | L9: 2-3 contagocce al giorno | M9: 1.7 | N9: =IFERROR(J9/M9,"") | O9: =IFERROR(H9/N9*30,"") | X9: da verificare | Y9: la marca dichiara circa 30 giorni di durata
A10: Act+Acre | B10: Stem Cell Scalp Serum | C10: DTC | D10: scalp e densità | E10: EU | H10: 89 | J10: 65 | K10: =IFERROR(H10/J10,"") | N10: =IFERROR(J10/M10,"") | O10: =IFERROR(H10/N10*30,"") | X10: da verificare | Y10: formato e prezzo da riaprire
A11: Augustinus Bader | B11: The Scalp Treatment | C11: profumeria | D11: scalp care | E11: IT | H11: 89 | J11: 30 | K11: =IFERROR(H11/J11,"") | N11: =IFERROR(J11/M11,"") | O11: =IFERROR(H11/N11*30,"") | X11: da verificare | Y11: il più caro al mL della categoria
A12: Aveda | B12: Scalp Solutions | C12: salone | D12: scalp care | E12: IT | H12: 59 | J12: 50 | K12: =IFERROR(H12/J12,"") | N12: =IFERROR(J12/M12,"") | O12: =IFERROR(H12/N12*30,"") | X12: da verificare
A13: Scandinavian Biolabs | B13: Bio-Pilixin Activation Serum uomo | C13: DTC | D13: densità | E13: EU | H13: 55 | I13: 39 | J13: 100 | K13: =IFERROR(H13/J13,"") | L13: almeno 2 pipette al giorno | M13: 2 | N13: =IFERROR(J13/M13,"") | O13: =IFERROR(H13/N13*30,"") | U13: 150 giorni, condizionata | V13: sì, con sconto | X13: da verificare | Y13: il riferimento per la garanzia; verificare le condizioni esatte
A14: Plantur | B14: DMG Clinical Serum | C14: farmacia e GDO | D14: anticaduta | E14: DE | H14: 19.99 | J14: 125 | K14: =IFERROR(H14/J14,"") | N14: =IFERROR(J14/M14,"") | O14: =IFERROR(H14/N14*30,"") | X14: da verificare | Y14: ancoraggio basso del canale farmacia tedesco
A15: Bioscalin (Giuliani) | B15: TricoAge siero concentrato | C15: farmacia | D15: anticaduta e antietà | E15: IT | H15: 48.56 | J15: 40 | K15: =IFERROR(H15/J15,"") | L15: 6 pipette ogni 3 giorni, ciclo di 3 mesi | M15: 0.44 | N15: =IFERROR(J15/M15,"") | O15: =IFERROR(H15/N15*30,"") | P15: nessuna | X15: da verificare | Y15: mL/giorno dedotto dal ciclo dichiarato di 3 mesi: da verificare
A16: Grow Gorgeous | B16: Density Serum Intense | C16: DTC | D16: densità | E16: EU | H16: 50 | J16: 60 | K16: =IFERROR(H16/J16,"") | N16: =IFERROR(J16/M16,"") | O16: =IFERROR(H16/N16*30,"") | X16: da verificare
A17: Foreo | B17: Dual-Peptide Scalp Serum | C17: profumeria | D17: scalp e densità | E17: IT | H17: 52.9 | J17: 60 | K17: =IFERROR(H17/J17,"") | N17: =IFERROR(J17/M17,"") | O17: =IFERROR(H17/N17*30,"") | X17: da verificare
A18: René Furterer | B18: Triphasic Progressive | C18: farmacia | D18: anticaduta | E18: IT | K18: =IFERROR(H18/J18,"") | N18: =IFERROR(J18/M18,"") | O18: =IFERROR(H18/N18*30,"") | X18: da verificare | Y18: da rilevare
A19: Crescina (Labo) | B19: Transdermic | C19: farmacia | D19: anticaduta | E19: IT | K19: =IFERROR(H19/J19,"") | N19: =IFERROR(J19/M19,"") | O19: =IFERROR(H19/N19*30,"") | X19: da verificare | Y19: da rilevare
A20: Eucerin | B20: DermoCapillaire | C20: farmacia | D20: scalp care | E20: IT | K20: =IFERROR(H20/J20,"") | N20: =IFERROR(J20/M20,"") | O20: =IFERROR(H20/N20*30,"") | X20: da verificare | Y20: da rilevare
A21: Nutrafol | B21: Scalp Serum | C21: DTC | D21: densità | E21: US | J21: 50 | K21: =IFERROR(H21/J21,"") | N21: =IFERROR(J21/M21,"") | O21: =IFERROR(H21/N21*30,"") | X21: da verificare | Y21: mercato USA: utile per il confronto, non per il prezzo italiano
A22: Philip Kingsley | B22: Density Serum | C22: profumeria | D22: densità | E22: EU | K22: =IFERROR(H22/J22,"") | N22: =IFERROR(J22/M22,"") | O22: =IFERROR(H22/N22*30,"") | X22: da verificare | Y22: da rilevare
A23: Alpecin | B23: Caffeine Liquid | C23: GDO | D23: anticaduta | E23: DE | J23: 200 | K23: =IFERROR(H23/J23,"") | N23: =IFERROR(J23/M23,"") | O23: =IFERROR(H23/N23*30,"") | X23: da verificare | Y23: ancoraggio bassissimo, canale diverso dal nostro
A24: KRINÉ | B24: Siero leave-on, flacone singolo | C24: DTC | D24: densità e scalp | E24: IT | H24: 59 | I24: 49 | J24: 60 | K24: =IFERROR(H24/J24,"") | L24: 4 erogazioni da 0,5 mL, una volta la sera | M24: 2 | N24: =IFERROR(J24/M24,"") | O24: =IFERROR(H24/N24*30,"") | P24: tutte | Q24: tutte le percentuali degli attivi | U24: 150 giorni sul percorso | V24: sì | X24: nostro dato | Y24: noi, formato singolo
A25: KRINÉ | B25: Siero leave-on, percorso da 6 | C25: DTC | D25: densità e scalp | E25: IT | H25: 279 | J25: 360 | K25: =IFERROR(H25/J25,"") | L25: 4 erogazioni da 0,5 mL, una volta la sera | M25: 2 | N25: =IFERROR(J25/M25,"") | O25: =IFERROR(H25/N25*30,"") | P25: tutte | Q25: tutte le percentuali degli attivi | U25: 150 giorni, condizionata | V25: — | X25: nostro dato | Y25: noi, percorso completo. 6 flaconi al netto del 5% di residuo danno 342 mL, cioè 171 giorni: coprono i 150 della garanzia. Con 5 flaconi ne coprivano 142,5.
A27: Celle gialle: da compilare · Celle grigie: calcolate, non scrivere · Testo blu: valore inserito a mano
A28: La colonna N non sottrae il residuo del contenitore. Per il nostro airless il residuo stimato è il 5%: il percorso da 6 dura 171 giorni reali contro i 180 calcolati qui.

Sheet Sintesi
B2: Che cosa dice la mappa
B3: Si aggiorna da sola man mano che la tabella viene compilata.
B5: Prodotti in mappa | C5: =COUNTA(Mappa!A2:A25) | D5: righe totali
B6: Righe verificate da una persona | C6: =COUNTIF(Mappa!X2:X25,"verificato") | D6: finché è zero, la mappa non è una fonte
B7: Righe con il costo mensile calcolabile | C7: =COUNT(Mappa!O2:O25) | D7: servono prezzo, formato e dose
B9: Costo mensile più basso | C9: =IFERROR(MIN(Mappa!O2:O25),"") | D9: l'ancoraggio che il cliente confronta
B10: Costo mensile più alto | C10: =IFERROR(MAX(Mappa!O2:O25),"")
B11: Costo mensile medio | C11: =IFERROR(AVERAGE(Mappa!O2:O25),"")
B12: Nostro costo mensile, percorso da 6 | C12: =IFERROR(O25,"") | D12: sotto o sopra la media?
B14: Quanti dichiarano tutte le percentuali | C14: =COUNTIF(Mappa!P2:P25,"tutte") | D14: se resta 1, la trasparenza integrale è terreno libero
B15: Quanti ne dichiarano alcune | C15: =COUNTIF(Mappa!P2:P25,"alcune") | D15: dichiarare qualche percentuale non è una novità
B16: Quanti non ne dichiarano nessuna | C16: =COUNTIF(Mappa!P2:P25,"nessuna")
B18: Quanti offrono una garanzia di rimborso | C18: =COUNTIF(Mappa!U2:U25,"?*") | D18: se sono pochi, la garanzia è un vantaggio; se sono molti, è un requisito
B19: Quanti hanno un abbonamento | C19: =COUNTIF(Mappa!V2:V25,"?*")
B21: Le tre domande a cui questa tabella deve rispondere
B22: 1. Il nostro costo mensile è dentro o fuori mercato? Finora lo abbiamo dedotto, mai misurato.
B23: 2. La trasparenza sulle percentuali è un terreno libero o è già occupato?
B24: 3. La garanzia di rimborso è un vantaggio competitivo o è diventata la norma della categoria?
